REGISTRANT_ID,REGISTRANT_FULL_NAME,ENTITY_CD,REGISTRANT_TITLE,REGISTRANT_FIRST_NAME,REGISTRANT_MI,REGISTRANT_LAST_NAME,REGISTRANT_SUFFIX,EMPLOYER,REGISTRATION_DATE,RENEWAL_DATE,TERMINATION_DATE,REGISTERED_BY
RG0080,"Metcalfe, Wolff, Stuart & Williams, LLP",Entity,,,,"Metcalfe, Wolff, Stuart & Williams, LLP",,,06/01/2017 12:00:00 AM,,,
RG0081,"Metcalfe, Steven",Individual,,Steven,,Metcalfe,,"Metcalfe, Wolff, Stuart & Williams, LLP",07/07/2017 12:00:00 AM,,,RG0080
RG0082,"Williams, Talley",Individual,,Talley,,Williams,,"Metcalfe, Wolff, Stuart & Williams, LLP",07/07/2017 12:00:00 AM,,,RG0080
RG0083,"Lynch, Michele",Individual,,Michele,,Lynch,,"Metcalfe, Wolff, Stuart & Williams, LLP",01/10/2017 12:00:00 AM,,,RG0080
RG0084,"Herring, William",Individual,,William,,Herring,,"Metcalfe, Wolff, Stuart & Williams, LLP",07/07/2017 12:00:00 AM,,04/10/2019 12:00:00 AM,RG0080
RG0085,"Brown, Amanda",Individual,,Amanda,,Brown,,"Metcalfe, Wolff, Stuart & Williams, LLP",07/07/2017 12:00:00 AM,,,RG0080
RG0086,"Joslove, Scott K.",Individual,Mr.,Scott,K.,Joslove,,,07/10/2017 12:00:00 AM,,01/09/2018 12:00:00 AM,
RG0087,"Melancon, Rebecca L.",Individual,,Rebecca,L.,Melancon,,Austin Independent Business Alliance (AIBA),07/03/2017 12:00:00 AM,,04/27/2020 12:00:00 AM,
RG0088,"Lubbers, Emily",Individual,,Emily,,Lubbers,,Home Builders Association of Greater Austin,06/15/2017 12:00:00 AM,,08/14/2018 12:00:00 AM,
RG0089,"Stantec Consulting Services, Inc.",Entity,,,,"Stantec Consulting Services, Inc.",,,06/15/2017 12:00:00 AM,,,
RG0090,"Rye, Stephen",Individual,,Stephen,,Rye,,"Stantec Consulting Services, Inc.",06/15/2017 12:00:00 AM,,05/31/2018 12:00:00 AM,RG0089
RG0091,"Kleeman, Robert",Individual,,Robert,J.,Kleeman,,,06/19/2017 12:00:00 AM,,,
RG0092,"Curtis, Matthew",Individual,,Matthew,,Curtis,,"GPS Policy Group, LLC",06/21/2017 12:00:00 AM,,,
RG0093,"Visco, Thomas",Individual,,Thomas,,Visco,,"BVE Partners, LLC",06/23/2017 12:00:00 AM,,09/11/2018 12:00:00 AM,RG0095
RG0094,"Enriquez, Francisco",Individual,,Francisco,,Enriquez,,"BVE Partners, LLC",06/23/2017 12:00:00 AM,,09/11/2018 12:00:00 AM,RG0095
RG0149,"Philips, Jerry",Individual,,Jerry,,Philips,,,04/10/2018 12:00:00 AM,,10/10/2018 12:00:00 AM,
RG0172,Squire Patton Boggs,Entity,,,,Squire Patton Boggs,,,05/07/2019 12:00:00 AM,,,
RG0179,"Alborg, Tim",Individual,,Tim,,Alborg,,,05/30/2019 12:00:00 AM,,07/25/2019 12:00:00 AM,RG0178
RG0180,"Everhart, Amy",Individual,,Amy,,Everhart,,,06/21/2019 12:00:00 AM,,04/04/2020 12:00:00 AM,RG0134
RG0181,"Lucio, Daniel",Individual,,Daniel,,Lucio,,Google LLC and Affiliates,06/26/2019 12:00:00 AM,,,
RG0182,"Ciliberto, Carrie L.",Individual,,Carrie,L.,Ciliberto,,,08/23/2019 12:00:00 AM,,,RG0111
RG0183,"Irion, Terrence L.",Individual,,Terrence,,Irion,,"Sprouse Shrader Smith, PLLC",10/08/2019 12:00:00 AM,,,
RG0184,"Delp, Robert K.",Individual,Dr.,Robert,K.,Delp,Jr.,UNITE HERE Local 23,01/15/2020 12:00:00 AM,,,
RG0185,"Visco, Thomas A.",Individual,,Thomas,A.,Visco,,Austin Parks Foundation,01/16/2020 12:00:00 AM,,,
RG0186,"Smith, Sharon J.",Individual,,Sharon,J.,Smith,,,02/19/2020 12:00:00 AM,,,
RG0054,"Miller, Scott",Individual,,Scott,,Miller,,,10/21/2016 12:00:00 AM,,12/26/2018 12:00:00 AM,RG0129
RG0055,"Miller, Steven J.",Individual,,Steven,J.,Miller,,,01/31/2017 12:00:00 AM,,07/18/2017 12:00:00 AM,
RG0056,"Moorhead, Scott",Individual,,Scott,,Moorhead,,Woods Prairie,09/28/2016 12:00:00 AM,,09/27/2017 12:00:00 AM,
RG0057,"Morrow, Amanda L.",Individual,,Amanda,Lynn,Morrow,,Armbrust & Brown,01/06/2017 12:00:00 AM,,,
RG0058,"Myers, Alice A.",Individual,,Alice,A.,Myers,,"Myers Consulting, LLC",03/29/2017 12:00:00 AM,,,
RG0059,"Nabers, Mary S.",Individual,,Mary,S.,Nabers,,,06/08/2016 12:00:00 AM,,,RG0113
RG0060,"Nathan, Mark R.",Individual,,Mark,Robert,Nathan,,,12/13/2016 12:00:00 AM,,12/19/2019 12:00:00 AM,
RG0061,"Neslund, Melissa M.",Individual,,Melissa,May,Neslund,,Armbrust & Brown,05/03/2017 12:00:00 AM,,11/14/2017 12:00:00 AM,
RG0062,"Nickells, Julienne K.",Individual,,Julienne,K.,Nickells,,Drenner Group,04/10/2017 12:00:00 AM,,11/08/2017 12:00:00 AM,RG0106
RG0063,"Poall, Steven",Individual,,Steven,,Poall,,Fidelity Capital Markets,01/12/2017 12:00:00 AM,,,
RG0064,"Poinsett, Royce P.",Individual,,Royce,P.,Poinsett,,,04/10/2017 12:00:00 AM,,07/28/2017 12:00:00 AM,
RG0065,"Robinson, Kelan",Individual,,Kelan,,Robinson,,"Armbrust & Brown, PLLC",05/02/2017 12:00:00 AM,,04/10/2018 12:00:00 AM,
RG0066,"Salinas III, Derlis Trey",Individual,,Derlis Trey,,Salinas,III,3 Point Partners,10/21/2016 12:00:00 AM,,,RG0130
RG0068,"Stephenson, John",Individual,,John,,Stephenson,,,03/09/2017 12:00:00 AM,,01/03/2018 12:00:00 AM,
RG0069,"Stratmann, Mary",Individual,,Mary,,Stratmann,,,11/07/2016 12:00:00 AM,,07/07/2017 12:00:00 AM,
RG0070,"Suttle, Richard T.",Individual,,Richard,T.,Suttle,Jr.,,12/22/2016 12:00:00 AM,,,
RG0071,"Swor, Amanda W.",Individual,,Amanda,W.,Swor,,Drenner Group,07/12/2016 12:00:00 AM,,,RG0106
RG0072,"Tahuahua, Geoffrey",Individual,,Geoffrey,,Tahuahua,,,01/10/2017 12:00:00 AM,,,
RG0073,"Theunissen, Trevor",Individual,,Trevor,,Theunissen,,,07/08/2016 12:00:00 AM,,01/02/2019 12:00:00 AM,
RG0074,"Thrower, Allen",Individual,,Allen,Ron,Thrower,,Thrower Design,06/27/2016 12:00:00 AM,,,RG0108
RG0075,"Walker, Christopher J.",Individual,,Christopher,Jason,Walker,,,07/07/2016 12:00:00 AM,,12/04/2017 12:00:00 AM,
RG0076,"Ward, Leslie L.",Individual,,Leslie,L.,Ward,,AT&T,03/02/2017 12:00:00 AM,,,
RG0077,"Whellan, Michael J.",Individual,,Michael,J.,Whellan,,"Graves, Dougherty H & M",01/06/2017 12:00:00 AM,,01/26/2018 12:00:00 AM,RG0105
RG0078,"Winstead, Pete",Individual,,Pete,,Winstead,,Winstead PC,12/21/2016 12:00:00 AM,,,
RG0079,"Buie, Jed",Individual,,Jed,,Buie,,,04/27/2016 12:00:00 AM,,,
RG0187,"Gullatt, Dowe D.",Individual,,Dowe,D.,Gullatt,,,03/19/2020 12:00:00 AM,,,
RG0188,"Gharakhanian, Stephanie A.",Individual,,Stephanie,A.,Gharakhanian,,,04/18/2020 12:00:00 AM,,,RG0125
RG0034,"Howard, Jeffrey S.",Individual,,Jeffrey,S.,Howard,,"McLean & Howard, L. L. P.",08/01/2016 12:00:00 AM,,,RG0099
RG0035,"Jashinsky, Alexandra C.",Individual,,Alexandra,C.,Jashinsky,,,06/30/2016 12:00:00 AM,,,
RG0036,"Johns, Leandre",Individual,,Leandre,,Johns,,Uber Technologies,10/14/2016 12:00:00 AM,,11/07/2018 12:00:00 AM,
RG0037,"Joseph, John M.",Individual,,John,M.,Joseph,,,09/06/2016 12:00:00 AM,,,
RG0039,"King, Micah J.",Individual,,Micah,J.,King,,,02/06/2017 12:00:00 AM,,,
RG0040,"Klingler, Hans",Individual,,Hans,,Klinger,,,01/23/2017 12:00:00 AM,,10/10/2017 12:00:00 AM,
RG0041,"Leffingwell, Lee",Individual,,Lee,,Leffingwell,,,02/24/2017 12:00:00 AM,,,
RG0042,"Littlefield, Mark",Individual,,Mark,,Littlefield,,,02/08/2017 12:00:00 AM,,,
RG0043,"Lofye, David C.",Individual,,David,C.,Lofye,,,01/18/2017 12:00:00 AM,,04/08/2018 12:00:00 AM,
RG0044,"Lopez, Carlos",Individual,,Carlos,,Lopez,,,01/31/2017 12:00:00 AM,,,
RG0045,"Lopez Saltarelli, Amelia",Individual,,Amelia,,Lopez Saltarelli,,Amelia Lopez Consulting LLC,01/26/2017 12:00:00 AM,,09/29/2017 12:00:00 AM,
RG0046,"Lubomudrov, Andrei Y.",Individual,,Andrei,Y.,Lubomudrov,,,10/31/2016 12:00:00 AM,,04/08/2019 12:00:00 AM,RG0134
RG0047,"Lucardi, Donald H.",Individual,,Donald,H.,Lucardi,,Emso Asset Management US LLC,12/27/2016 12:00:00 AM,,,
RG0049,"Madere, Pamela",Individual,,Pamela,,Madere,,,07/18/2016 12:00:00 AM,,10/09/2018 12:00:00 AM,
RG0051,"McLean, William P.",Individual,,William,P.,McLean,,"McLean & Howard, L. L. P.",04/07/2017 12:00:00 AM,,,RG0099
RG0052,"Meade, Nikelle S.",Individual,,Nikelle,S.,Meade,,,04/26/2017 12:00:00 AM,,,
RG0095,"BVE Partners, LLC",Entity,,,,"BVE Partners, LLC",,,06/23/2017 12:00:00 AM,,09/11/2018 12:00:00 AM,
RG0096,Austin Convention & Visitors Bureau,Entity,,,,Austin Convention & Visitors Bureau,,,06/26/2017 12:00:00 AM,,,
RG0098,"Roberts, Cary",Individual,Mr.,Cary,,Roberts,,,07/06/2017 12:00:00 AM,,,
RG0097,"Noonan, Thomas J.",Individual,Mr.,Thomas,James,Noonan,,Austin Convention & Visitors Bureau,06/26/2017 12:00:00 AM,,,RG0096
RG0099,"McLean & Howard, L. L. P.",Entity,,,,"McLean & Howard, L. L. P.",,,07/10/2017 12:00:00 AM,,,
RG0100,"Shoppa, Dwayne",Individual,,Dwayne,,Shoppa,,"Stantec Consulting Services, Inc.",07/10/2017 12:00:00 AM,,05/31/2018 12:00:00 AM,RG0089
RG0101,"Gheno, Nicola",Individual,,Nicola,,Gheno,,"Stantec Consulting Services, Inc.",07/10/2017 12:00:00 AM,,05/31/2018 12:00:00 AM,RG0089
RG0102,"Dehghan Niri, Hamid",Individual,,Hamid,,Dehghan Niri,,"Stantec Consulting Services, Inc.",07/10/2017 12:00:00 AM,,10/05/2017 12:00:00 AM,RG0089
RG0103,"Isaja, Joseph",Individual,,Joseph,,Isaja,,"Stantec Consulting Services, Inc.",07/10/2017 12:00:00 AM,,04/09/2019 12:00:00 AM,RG0089
RG0104,"Ehlers, Laci M.",Individual,Ms.,Laci,M.,Ehlers,,"McLean & Howard, L. L. P.",07/10/2017 12:00:00 AM,,,RG0099
RG0105,"Graves, Dougherty, Hearon & Moody, P.C.",Entity,,,,"Graves, Dougherty, Hearon & Moody, P.C.",,"Graves, Dougherty, Hearon & Moody, P.C.",07/10/2017 12:00:00 AM,,,
RG0106,Drenner Group,Entity,,,,Drenner Group,,Drenner Group,07/10/2017 12:00:00 AM,,,
RG0107,"Coleman, Glen",Individual,,Glen,,Coleman,,South Llano Strategies,05/16/2016 12:00:00 AM,,05/06/2019 12:00:00 AM,
RG0108,Thrower Design,Entity,,,,Thrower Design,,Thrower Design,07/12/2017 12:00:00 AM,,,
RG0109,"Cook, Neslie",Individual,,Neslie,,Cook,,Thrower Design,07/10/2017 12:00:00 AM,,07/02/2019 12:00:00 AM,RG0108
RG0111,Homebuilders Association of Greater Austin,Entity,,,,Homebuilders Association of Greater Austin,,Homebuilders Association of Greater Austin,07/14/2017 12:00:00 AM,,,
RG0112,"Glenn, David",Individual,,David,,Glenn,,Homebuilders Association of Greater Austin,07/17/2017 12:00:00 AM,,,RG0111
RG0113,"Strategic Partnerships, Inc.",Entity,,,,"Strategic Partnerships, Inc.",,"Strategic Partnerships, Inc.",07/17/2017 12:00:00 AM,,,
RG0114,"Antu, Edgar",Individual,,Edgar,,Antu,,"Strategic Partnerships, Inc.",07/17/2017 12:00:00 AM,,,RG0113
RG0115,"Levinski, Robert Bobby",Individual,,Robert,Bobby,Levinski,,,08/01/2017 12:00:00 AM,,07/25/2018 12:00:00 AM,
RG0116,"Richard, Jeffrey",Individual,,Jeffrey,,Richard,,J. Richard Consulting Services LLC,08/02/2017 12:00:00 AM,,,
RG0117,"Jackson Walker, L.L.P.",Entity,,,,"Jackson Walker, L.L.P.",,"Jackson Walker, L.L.P.",08/16/2017 12:00:00 AM,,,
RG0118,"Taylor, Timothy C.",Individual,,Timothy,C.,Taylor,,"Jackson Walker, L.L.P.",10/20/2017 12:00:00 AM,,,RG0117
RG0119,"Nias, James M.",Individual,,James,M.,Nias,,"Jackson Walker, L.L.P.",09/06/2017 12:00:00 AM,,,RG0117
RG0120,"Loayza, Katherine P.",Individual,,Katherine,P.,Loayza,,"Jackson Walker, L.L.P.",09/05/2017 12:00:00 AM,,,RG0117
RG0121,"Ibarra, Mia",Individual,,Mia,,Ibarra,,Center for Public Policy Priorities,08/18/2017 12:00:00 AM,,10/08/2018 12:00:00 AM,
RG0122,"Miller, Chris",Individual,,Chris,,Miller,,Uber Technologies,08/22/2017 12:00:00 AM,,,
RG0110,"Garcia, Joe",Individual,,Joe,,Garcia,,,07/14/2017 12:00:00 AM,,,
RG0123,"Schrader, Megan",Individual,,Megan,,Schrader,,,08/25/2017 12:00:00 AM,,,
RG0124,"Rosen, Laura",Individual,,Laura,,Rosen,,Center for Public Policy Priorities,08/30/2017 12:00:00 AM,,04/10/2018 12:00:00 AM,
RG0125,Workers Defense Action Fund,Entity,,,,Workers Defense Action Fund,,,09/14/2017 12:00:00 AM,,,
RG0126,"Wolff, Jessica",Individual,,Jessica,,Wolff,,Workers Defense Project,09/08/2017 12:00:00 AM,,,RG0125
RG0127,"Gonzalez, Ana",Individual,,Ana,,Gonzalez,,Workers Defense Project,09/12/2017 12:00:00 AM,,,RG0125
RG0128,"Mitchell, Kathleen",Individual,,Kathleen,,Mitchell,,Texas Criminal Justice Coalition,09/21/2017 12:00:00 AM,,06/01/2018 12:00:00 AM,
RG0129,Texas Solutions Group,Entity,,,,Texas Solutions Group,,,10/20/2017 12:00:00 AM,,12/26/2018 12:00:00 AM,
RG0130,3 Point Partners,Entity,,,,3 Point Partners,,,10/23/2017 12:00:00 AM,,,
RG0131,"Hillard, Connor",Individual,,Connor,,Hillard,,3 Point Partners,10/19/2017 12:00:00 AM,,12/04/2018 12:00:00 AM,RG0130
RG0132,"Cain, Julienne",Individual,,Julienne,,Cain,,Armbrust & Brown,11/20/2017 12:00:00 AM,,,
RG0133,"Serna, Eduardo",Individual,,Eduardo,,Serna,,,12/01/2017 12:00:00 AM,,,
RG0134,Austin Board of Realtors,Entity,,,,Austin Board of Realtors,,,01/08/2018 12:00:00 AM,,,
RG0135,"Rooney, John",Individual,,John,,Rooney,,,01/10/2018 12:00:00 AM,,10/01/2019 12:00:00 AM,
RG0136,"Whellan, Michael",Individual,,Michael,,Whellan,,Armbrust & Brown,01/25/2018 12:00:00 AM,,,
RG0137,"Courtney, Jennifer",Individual,,Jennifer,,Courtney,,,01/30/2018 12:00:00 AM,,07/08/2019 12:00:00 AM,
RG0138,"Townsend, Thomas",Individual,,Thomas,,Townsend,,,01/30/2018 12:00:00 AM,,,
RG0139,"Leahy, Ed",Individual,,Ed,,Leahy,,,02/05/2018 12:00:00 AM,,05/24/2019 12:00:00 AM,
RG0140,"Hansen, William",Individual,,William,,Hansen,,The ERISA Industry Committee,02/12/2018 12:00:00 AM,,01/02/2019 12:00:00 AM,RG0141
RG0141,The ERISA Industry Committee,Entity,,,,The ERISA Industry Committee,,The ERISA Industry Committee,02/12/2018 12:00:00 AM,,01/02/2019 12:00:00 AM,
RG0142,"Carley, Lynn A.",Individual,,Lynn,A.,Carley,,,02/20/2018 12:00:00 AM,,06/04/2018 12:00:00 AM,
RG0143,"Alborg, Tim",Individual,,Tim,,Alborg,,"Zagster, Inc.",03/01/2018 12:00:00 AM,,09/27/2018 12:00:00 AM,
RG0144,Merck Sharp & Dohme Corp.,Entity,,,,Merck Sharp & Dohme Corp.,,,03/21/2018 12:00:00 AM,,09/05/2019 12:00:00 AM,
RG0145,"Paffe, Heather",Individual,Ms.,Heather,,Paffe,,,03/21/2018 12:00:00 AM,,09/05/2019 12:00:00 AM,RG0144
RG0146,"Timm, Emily",Individual,,Emily,,Timm,,,04/03/2018 12:00:00 AM,,10/10/2019 12:00:00 AM,RG0125
RG0147,"Huerta, Mayra",Individual,,Mayra,,Huerta,,,04/02/2018 12:00:00 AM,,,RG0125
RG0148,"Meachum, Kurt M.",Individual,Mr.,Kurt,M.,Meachum,,,04/10/2018 12:00:00 AM,,09/18/2018 12:00:00 AM,
RG0001,"Allen, Ray",Individual,,Ray,,Allen,,Texas Solutions Group,10/21/2016 12:00:00 AM,,07/10/2017 12:00:00 AM,
RG0002,"Anderson, David J.",Individual,,David,J.,Anderson,,Drenner Group,07/12/2016 12:00:00 AM,,,RG0106
RG0003,"Armbrust, David B.",Individual,,David,B.,Armbrust,,Armbrust & Brown PLLC,01/11/2017 12:00:00 AM,,,
RG0004,"Arnold, Jim A.",Individual,,Jim,A.,Arnold,,Arnold Public Affairs,12/12/2016 12:00:00 AM,,10/03/2017 12:00:00 AM,
RG0005,"Bingham, William H.",Individual,,William,H.,Bingham,,,12/27/2016 12:00:00 AM,,,
RG0006,"Bingham Jr., Alfred L.",Individual,,Alfred,L.,Bingham,Jr.,,01/06/2017 12:00:00 AM,,,
RG0007,"Bojo, Leah",Individual,,Leah,,Bojo,,Drenner Group,04/10/2017 12:00:00 AM,,,RG0106
RG0008,"Burget, Erin K.",Individual,,Erin,K.,Burget,,AT&T,03/02/2017 12:00:00 AM,,,
RG0009,"Butts, David J.",Individual,,David,J.,Butts,,,12/13/2016 12:00:00 AM,,,
RG0010,"Cancialosi, David C.",Individual,,David,C.,Cancialosi,,,09/13/2016 12:00:00 AM,,,
RG0011,"Cannon, Audrey C.",Individual,,Audrey,Christine,Cannon,,Chamber of Commerce,01/09/2017 12:00:00 AM,,07/23/2019 12:00:00 AM,
RG0012,"Carley, Lynn A.",Individual,,Lynn,Ann,Carley,,,01/06/2017 12:00:00 AM,,05/31/2017 12:00:00 AM,
RG0050,"Martin, Donald G.",Individual,,Donald,G.,Martin,,Don Martin Public Affairs,02/17/2017 12:00:00 AM,,08/03/2017 12:00:00 AM,
RG0150,"Walker, Nathaniel J.",Individual,,Nathaniel,J.,Walker,,,04/11/2018 12:00:00 AM,,03/30/2019 12:00:00 AM,
RG0151,Sheryl Cole & Associates,Entity,,,,Sheryl Cole & Associates,,,04/11/2018 12:00:00 AM,,04/10/2019 12:00:00 AM,
RG0152,"Kegley-Whitehead, Ashley M.",Individual,Mrs.,Ashley,M.,Kegley-Whitehead,,Buie & Co.,04/26/2018 12:00:00 AM,,,
RG0153,"Surman, Amanda",Individual,,Amanda,,Surman,,,04/30/2018 12:00:00 AM,,,
RG0154,"Riley, Chris",Individual,,Chris,,Riley,,Austin Board of Realtors,05/02/2018 12:00:00 AM,,06/18/2019 12:00:00 AM,
RG0155,"Burke, Joshua C.",Individual,,Joshua,C.,Burke,,"Graves, Dougherty, Hearon & Moody",05/07/2018 12:00:00 AM,,10/15/2018 12:00:00 AM,
RG0156,"Edmonson, David",Individual,,David,,Edmonson,,,06/12/2018 12:00:00 AM,,12/13/2018 12:00:00 AM,
RG0157,"Gharakhanian, Stephanie A.",Individual,,Stephanie,A.,Gharakhanian,,,07/02/2018 12:00:00 AM,,09/30/2019 12:00:00 AM,RG0125
RG0158,"Randazzo, Chris",Individual,,Chris,,Randazzo,,,07/03/2018 12:00:00 AM,,04/09/2019 12:00:00 AM,RG0089
RG0159,"Strmiska, Greg",Individual,,Greg,,Strmiska,,,07/03/2018 12:00:00 AM,,,RG0089
RG0169,"Bradford, Christopher B.",Individual,Mr.,Christopher,B.,Bradford,,,03/15/2019 12:00:00 AM,,,RG0117
RG0170,"Pierce, Kevin D.",Individual,,Kevin,D.,Pierce,,,04/10/2019 12:00:00 AM,,,RG0080
RG0171,"Gaudini, Michael J.",Individual,,Michael,J.,Gaudini,,Armbrust & Brown,04/18/2019 12:00:00 AM,,,
RG0013,"Cesaro, Peter J.",Individual,,Peter,J.,Cesaro,,"Graves, Dougherty, Hearon & Moody, P.C.",01/05/2017 12:00:00 AM,,,RG0105
RG0014,"Clark, Melody",Individual,,Melody,,Clark,,Melody Clark,05/08/2017 12:00:00 AM,,,
RG0015,"Cole, Sheryl",Individual,,Sheryl,,Cole,,,01/27/2017 12:00:00 AM,,04/10/2019 12:00:00 AM,RG0151
RG0016,"Cosgrove Jr., Joseph E.",Individual,,Joseph,E.,Cosgrove,Jr.,,03/27/2017 12:00:00 AM,,,
RG0017,"Delp, Robert K.",Individual,,Robert,Kyle,Delp,,Workers Defense Action Fund,04/10/2017 12:00:00 AM,,04/06/2018 12:00:00 AM,
RG0018,"DeYoung, Eric H.",Individual,,Eric,Hunter,deYoung,,,01/06/2017 12:00:00 AM,,04/18/2018 12:00:00 AM,
RG0019,"Digneo, Robert H.",Individual,,Robert,H.,Digneo,,AT&T,07/28/2016 12:00:00 AM,,,
RG0020,"Drenner, Stephen O.",Individual,,Stephen,O.,Drenner,,Drenner Group,01/09/2017 12:00:00 AM,,,RG0106
RG0021,"Duhr, Kellie",Individual,,Kellie,,Duhr,,,01/27/2017 12:00:00 AM,,02/16/2018 12:00:00 AM,
RG0022,"Dunkerley, Betty J.",Individual,,Betty,J.,Dunkerley,,Betty Dunkerley Consulting,08/19/2016 12:00:00 AM,,,
RG0023,"Erwin, Gay T.",Individual,,Gay,T.,Erwin,,,06/08/2016 12:00:00 AM,,,RG0113
RG0024,"Francis, William B.",Individual,,William,B.,Francis,,,10/10/2016 12:00:00 AM,,06/07/2017 12:00:00 AM,
RG0025,"Gill, Evan C.",Individual,,Evan,C.,Gill,,,10/27/2016 12:00:00 AM,,09/06/2017 12:00:00 AM,
RG0026,"Gilmore, Henry H.",Individual,,Henry,H.,Gilmore,,,03/29/2017 12:00:00 AM,,,
RG0027,"Glasco, Alice K.",Individual,,Alice,K.,Glasco,,Alice Glasco Consulting,09/07/2016 12:00:00 AM,,,
RG0028,"Haase, Victoria G.",Individual,,Victoria,G.,Haase,,Thrower Design,04/10/2017 12:00:00 AM,,,RG0108
RG0029,"Harris, Jerry L.",Individual,,Jerry,L.,Harris,,,04/26/2017 12:00:00 AM,,,
RG0030,"Hartman, David A.",Individual,,David,A.,Hartman,,Smith Robertson,11/03/2016 12:00:00 AM,,,
RG0031,"Haussmann, Michele C.",Individual,,Michele,Christine,Haussmann,,"Land Use Solutions, LLC",10/05/2016 12:00:00 AM,,,
RG0032,"Heckler, Jeffrey",Individual,,Jeffrey,,Heckler,,,10/21/2016 12:00:00 AM,,12/26/2018 12:00:00 AM,RG0129
RG0038,"Kennard, Karen",Individual,,Karen,,Kennard,,,07/19/2016 12:00:00 AM,,,
RG0173,"Vilms, Sarah",Individual,,Sarah,,Vilms,,,05/07/2019 12:00:00 AM,,04/16/2020 12:00:00 AM,RG0172
RG0174,"Toney, Alexander",Individual,,Alexander,,Toney,,,05/07/2019 12:00:00 AM,,01/08/2020 12:00:00 AM,RG0172
RG0175,South Llano Strategies,Entity,,,,South Llano Strategies,,,05/07/2019 12:00:00 AM,,,
RG0176,"Coleman, Glen",Individual,,Glen,,Coleman,,,05/07/2019 12:00:00 AM,,,RG0175
RG0177,"Stevenson, Josiah",Individual,,Josiah,,Stevenson,,,05/07/2019 12:00:00 AM,,01/10/2020 12:00:00 AM,RG0175
RG0178,Spin,Entity,,,,Spin,,,05/30/2019 12:00:00 AM,,,
RG0160,"Klingler, Hans J.",Individual,Mr.,Hans,J.,Klingler,,,07/18/2018 12:00:00 AM,,01/07/2019 12:00:00 AM,
RG0161,"Arnold, Jim",Individual,Mr.,Jim,,Arnold,,Arnold Public Affairs,07/19/2018 12:00:00 AM,,12/06/2018 12:00:00 AM,
RG0162,"Barnes, Ben F.",Individual,Mr.,Ben,F.,Barnes,,Ben Barnes Group,08/13/2018 12:00:00 AM,,01/07/2019 12:00:00 AM,
RG0163,"Blair, Emily K.",Individual,,Emily,K.,Blair,,,08/20/2018 12:00:00 AM,,12/20/2018 12:00:00 AM,RG0111
RG0164,"Clements, G. Ferris",Individual,Mr.,G. Ferris,,Clements,III,"Armbrust & Brown, PLLC",10/10/2018 12:00:00 AM,,,
RG0165,"Madere, Pamela M.",Individual,,Pamela,M.,Madere,,,10/31/2018 12:00:00 AM,,,RG0117
RG0166,"Nuttle, Christopher M.",Individual,Mr.,Christopher,M.,Nuttle,,"State and Federal Communications, Inc.",10/23/2018 12:00:00 AM,,,
RG0167,"Martinez, Michael",Individual,,Michael,,Martinez,,,01/09/2019 12:00:00 AM,,,
RG0168,"Stern, William C.",Individual,Mr.,William,C.,Stern,,,01/24/2019 12:00:00 AM,,,
